,datadate,turbulence
0,2015-07-01,0.0
1,2015-07-02,0.0
2,2015-07-06,0.0
3,2015-07-07,0.0
4,2015-07-08,0.0
5,2015-07-09,0.0
6,2015-07-10,0.0
7,2015-07-13,0.0
8,2015-07-14,0.0
9,2015-07-15,0.0
10,2015-07-16,0.0
11,2015-07-17,0.0
12,2015-07-20,0.0
13,2015-07-21,0.0
14,2015-07-22,0.0
15,2015-07-23,0.0
16,2015-07-24,0.0
17,2015-07-27,0.0
18,2015-07-28,0.0
19,2015-07-29,0.0
20,2015-07-30,0.0
21,2015-07-31,0.0
22,2015-08-03,0.0
23,2015-08-04,0.0
24,2015-08-05,0.0
25,2015-08-06,0.0
26,2015-08-07,0.0
27,2015-08-10,0.0
28,2015-08-11,0.0
29,2015-08-12,0.0
30,2015-08-13,0.0
31,2015-08-14,0.0
32,2015-08-17,0.0
33,2015-08-18,0.0
34,2015-08-19,0.0
35,2015-08-20,0.0
36,2015-08-21,0.0
37,2015-08-24,0.0
38,2015-08-25,0.0
39,2015-08-26,0.0
40,2015-08-27,0.0
41,2015-08-28,0.0
42,2015-08-31,0.0
43,2015-09-01,0.0
44,2015-09-02,0.0
45,2015-09-03,0.0
46,2015-09-04,0.0
47,2015-09-08,0.0
48,2015-09-09,0.0
49,2015-09-10,0.0
50,2015-09-11,0.0
51,2015-09-14,0.0
52,2015-09-15,0.0
53,2015-09-16,0.0
54,2015-09-17,0.0
55,2015-09-18,0.0
56,2015-09-21,0.0
57,2015-09-22,0.0
58,2015-09-23,0.0
59,2015-09-24,0.0
60,2015-09-25,0.0
61,2015-09-28,0.0
62,2015-09-29,0.0
63,2015-09-30,0.0
64,2015-10-01,0.0
65,2015-10-02,0.0
66,2015-10-05,0.0
67,2015-10-06,0.0
68,2015-10-07,0.0
69,2015-10-08,0.0
70,2015-10-09,0.0
71,2015-10-12,0.0
72,2015-10-13,0.0
73,2015-10-14,0.0
74,2015-10-15,0.0
75,2015-10-16,0.0
76,2015-10-19,0.0
77,2015-10-20,0.0
78,2015-10-21,0.0
79,2015-10-22,0.0
80,2015-10-23,0.0
81,2015-10-26,0.0
82,2015-10-27,0.0
83,2015-10-28,0.0
84,2015-10-29,0.0
85,2015-10-30,0.0
86,2015-11-02,0.0
87,2015-11-03,0.0
88,2015-11-04,0.0
89,2015-11-05,0.0
90,2015-11-06,0.0
91,2015-11-09,0.0
92,2015-11-10,0.0
93,2015-11-11,0.0
94,2015-11-12,0.0
95,2015-11-13,0.0
96,2015-11-16,0.0
97,2015-11-17,0.0
98,2015-11-18,0.0
99,2015-11-19,0.0
100,2015-11-20,0.0
101,2015-11-23,0.0
102,2015-11-24,0.0
103,2015-11-25,0.0
104,2015-11-27,0.0
105,2015-11-30,0.0
106,2015-12-01,0.0
107,2015-12-02,0.0
108,2015-12-03,0.0
109,2015-12-04,0.0
110,2015-12-07,0.0
111,2015-12-08,0.0
112,2015-12-09,0.0
113,2015-12-10,0.0
114,2015-12-11,0.0
115,2015-12-14,0.0
116,2015-12-15,0.0
117,2015-12-16,0.0
118,2015-12-17,0.0
119,2015-12-18,0.0
120,2015-12-21,0.0
121,2015-12-22,0.0
122,2015-12-23,0.0
123,2015-12-24,0.0
124,2015-12-28,0.0
125,2015-12-29,0.0
126,2015-12-30,0.0
127,2015-12-31,0.0
128,2016-01-04,0.0
129,2016-01-05,0.0
130,2016-01-06,0.0
131,2016-01-07,0.0
132,2016-01-08,0.0
133,2016-01-11,0.0
134,2016-01-12,0.0
135,2016-01-13,0.0
136,2016-01-14,0.0
137,2016-01-15,0.0
138,2016-01-19,0.0
139,2016-01-20,0.0
140,2016-01-21,0.0
141,2016-01-22,0.0
142,2016-01-25,0.0
143,2016-01-26,0.0
144,2016-01-27,0.0
145,2016-01-28,0.0
146,2016-01-29,0.0
147,2016-02-01,0.0
148,2016-02-02,0.0
149,2016-02-03,0.0
150,2016-02-04,0.0
151,2016-02-05,0.0
152,2016-02-08,0.0
153,2016-02-09,0.0
154,2016-02-10,0.0
155,2016-02-11,0.0
156,2016-02-12,0.0
157,2016-02-16,0.0
158,2016-02-17,0.0
159,2016-02-18,0.0
160,2016-02-19,0.0
161,2016-02-22,0.0
162,2016-02-23,0.0
163,2016-02-24,0.0
164,2016-02-25,0.0
165,2016-02-26,0.0
166,2016-02-29,0.0
167,2016-03-01,0.0
168,2016-03-02,0.0
169,2016-03-03,0.0
170,2016-03-04,0.0
171,2016-03-07,0.0
172,2016-03-08,0.0
173,2016-03-09,0.0
174,2016-03-10,0.0
175,2016-03-11,0.0
176,2016-03-14,0.0
177,2016-03-15,0.0
178,2016-03-16,0.0
179,2016-03-17,0.0
180,2016-03-18,0.0
181,2016-03-21,0.0
182,2016-03-22,0.0
183,2016-03-23,0.0
184,2016-03-24,0.0
185,2016-03-28,0.0
186,2016-03-29,0.0
187,2016-03-30,0.0
188,2016-03-31,0.0
189,2016-04-01,0.0
190,2016-04-04,0.0
191,2016-04-05,0.0
192,2016-04-06,0.0
193,2016-04-07,0.0
194,2016-04-08,0.0
195,2016-04-11,0.0
196,2016-04-12,0.0
197,2016-04-13,0.0
198,2016-04-14,0.0
199,2016-04-15,0.0
200,2016-04-18,0.0
201,2016-04-19,0.0
202,2016-04-20,0.0
203,2016-04-21,0.0
204,2016-04-22,0.0
205,2016-04-25,0.0
206,2016-04-26,0.0
207,2016-04-27,0.0
208,2016-04-28,0.0
209,2016-04-29,0.0
210,2016-05-02,0.0
211,2016-05-03,0.0
212,2016-05-04,0.0
213,2016-05-05,0.0
214,2016-05-06,0.0
215,2016-05-09,0.0
216,2016-05-10,0.0
217,2016-05-11,0.0
218,2016-05-12,0.0
219,2016-05-13,0.0
220,2016-05-16,0.0
221,2016-05-17,0.0
222,2016-05-18,0.0
223,2016-05-19,0.0
224,2016-05-20,0.0
225,2016-05-23,0.0
226,2016-05-24,0.0
227,2016-05-25,0.0
228,2016-05-26,0.0
229,2016-05-27,0.0
230,2016-05-31,0.0
231,2016-06-01,0.0
232,2016-06-02,0.0
233,2016-06-03,0.0
234,2016-06-06,0.0
235,2016-06-07,0.0
236,2016-06-08,0.0
237,2016-06-09,0.0
238,2016-06-10,0.0
239,2016-06-13,0.0
240,2016-06-14,0.0
241,2016-06-15,0.0
242,2016-06-16,0.0
243,2016-06-17,0.0
244,2016-06-20,0.0
245,2016-06-21,0.0
246,2016-06-22,0.0
247,2016-06-23,0.0
248,2016-06-24,0.0
249,2016-06-27,0.0
250,2016-06-28,0.0
251,2016-06-29,0.0
252,2016-06-30,0.0
253,2016-07-01,0.0
254,2016-07-05,64.02704223386228
255,2016-07-06,70.61869441466392
256,2016-07-07,56.73734579768121
257,2016-07-08,50.216486308112714
258,2016-07-11,45.84164964379259
259,2016-07-12,48.53333503852689
260,2016-07-13,42.92867879112201
261,2016-07-14,50.92204839189883
262,2016-07-15,34.88546405674701
263,2016-07-18,44.253465309150506
264,2016-07-19,60.08765929415545
265,2016-07-20,73.07622700368904
266,2016-07-21,70.06376052930878
267,2016-07-22,55.62974782088263
268,2016-07-25,59.584997232498345
269,2016-07-26,90.27737840609609
270,2016-07-27,92.47981316184772
271,2016-07-28,63.7035085153167
272,2016-07-29,73.93740095735289
273,2016-08-01,84.58597874075093
274,2016-08-02,60.43580183301782
275,2016-08-03,47.31876675751391
276,2016-08-04,42.782550346011476
277,2016-08-05,131.41396039011167
278,2016-08-08,79.26534150989967
279,2016-08-09,51.257749948484765
280,2016-08-10,45.07405422349314
281,2016-08-11,62.97557949053041
282,2016-08-12,52.355481739466214
283,2016-08-15,48.360644019992925
284,2016-08-16,58.198552768905216
285,2016-08-17,48.02007315251897
286,2016-08-18,46.240246233498745
287,2016-08-19,54.647748287758404
288,2016-08-22,51.58570474444546
289,2016-08-23,45.77748618558534
290,2016-08-24,38.090157414049415
291,2016-08-25,36.90611669531771
292,2016-08-26,37.54117343253069
293,2016-08-29,35.026068271943686
294,2016-08-30,41.598845952979424
295,2016-08-31,41.21272919808746
296,2016-09-01,43.35165575545626
297,2016-09-02,38.47017197846077
298,2016-09-06,47.782915599461234
299,2016-09-07,44.15499013761366
300,2016-09-08,50.35166225810911
301,2016-09-09,49.65934034990868
302,2016-09-12,45.21465993148918
303,2016-09-13,44.817255202593806
304,2016-09-14,49.62059344228998
305,2016-09-15,53.486933273526375
306,2016-09-16,71.17523811578246
307,2016-09-19,57.4282901791256
308,2016-09-20,57.99509886159486
309,2016-09-21,43.56237059094166
310,2016-09-22,42.49527640217101
311,2016-09-23,34.283390762401176
312,2016-09-26,33.953910532063205
313,2016-09-27,29.696051942531017
314,2016-09-28,51.78319306388185
315,2016-09-29,72.46676230045124
316,2016-09-30,67.40340517515514
317,2016-10-03,50.393167031211796
318,2016-10-04,55.20043516171797
319,2016-10-05,56.622675905487014
320,2016-10-06,72.54324215881367
321,2016-10-07,69.2456324089154
322,2016-10-10,73.37470301208074
323,2016-10-11,58.80566484086264
324,2016-10-12,52.58271067240969
325,2016-10-13,40.847763285811396
326,2016-10-14,38.84279147748052
327,2016-10-17,44.159052255741976
328,2016-10-18,106.06234179500821
329,2016-10-19,96.47920007653804
330,2016-10-20,116.15949047741579
331,2016-10-21,140.36858899418982
332,2016-10-24,129.07316553800615
333,2016-10-25,92.22110099972103
334,2016-10-26,94.13447024911595
335,2016-10-27,72.21902182580845
336,2016-10-28,82.93577760561915
337,2016-10-31,105.78839570609864
338,2016-11-01,104.71101535649834
339,2016-11-02,77.01122461501745
340,2016-11-03,71.11510332636188
341,2016-11-04,60.59321718630646
342,2016-11-07,56.86763370824068
343,2016-11-08,46.74768870718502
344,2016-11-09,70.96672097476068
345,2016-11-10,135.45653482480841
346,2016-11-11,103.78041494706669
347,2016-11-14,215.4458770032367
348,2016-11-15,131.89461657765756
349,2016-11-16,79.75255966500545
350,2016-11-17,86.1051509744896
351,2016-11-18,78.99248723902797
352,2016-11-21,71.17028857098977
353,2016-11-22,91.01235583859759
354,2016-11-23,84.13679222056606
355,2016-11-25,59.009770846975194
356,2016-11-28,60.36040466681392
357,2016-11-29,73.0966111398455
358,2016-11-30,85.80142112531395
359,2016-12-01,105.81845184831626
360,2016-12-02,74.63277091168126
361,2016-12-05,59.31637241304933
362,2016-12-06,57.14556258860085
363,2016-12-07,74.3909966871105
364,2016-12-08,77.00545709041306
365,2016-12-09,63.31360388529484
366,2016-12-12,49.2210410579743
367,2016-12-13,53.5055160129172
368,2016-12-14,53.11473423353768
369,2016-12-15,56.072645136035604
370,2016-12-16,56.0660010022419
371,2016-12-19,51.05875142349122
372,2016-12-20,44.92624565220423
373,2016-12-21,44.33612555936807
374,2016-12-22,50.18771263981898
375,2016-12-23,45.999147351210176
376,2016-12-27,41.13355254697164
377,2016-12-28,39.509891636150925
378,2016-12-29,38.110317914030226
379,2016-12-30,36.526797779192044
380,2017-01-03,65.45846645581122
381,2017-01-04,64.10774517664866
382,2017-01-05,71.38128319508323
383,2017-01-06,63.24112354003744
384,2017-01-09,49.09933020660141
385,2017-01-10,45.7328515664215
386,2017-01-11,34.91190821150822
387,2017-01-12,40.48081116462358
388,2017-01-13,38.56998928988191
389,2017-01-17,33.80331466248671
390,2017-01-18,35.10728749365286
391,2017-01-19,41.667602582935565
392,2017-01-20,60.29086473038867
393,2017-01-23,52.4359506312593
394,2017-01-24,64.61091659598615
395,2017-01-25,64.78707816879627
396,2017-01-26,67.35531838330199
397,2017-01-27,72.84420799212621
398,2017-01-30,67.42560394579938
399,2017-01-31,58.6923751168616
400,2017-02-01,63.01843594668089
401,2017-02-02,63.543313305368905
402,2017-02-03,51.75555000547986
403,2017-02-06,52.75324007371823
404,2017-02-07,57.17459050166933
405,2017-02-08,45.995214674176175
406,2017-02-09,58.55979310926367
407,2017-02-10,82.34973857756593
408,2017-02-13,64.57916182166201
409,2017-02-14,62.92812080911848
410,2017-02-15,80.27082706929924
411,2017-02-16,70.77898964542052
412,2017-02-17,82.859391455887
413,2017-02-21,96.00848380892673
414,2017-02-22,82.84981655321468
415,2017-02-23,77.25668824235426
416,2017-02-24,74.0600948438869
417,2017-02-27,64.65342407167839
418,2017-02-28,58.97253405850731
419,2017-03-01,65.16563509749085
420,2017-03-02,70.53077587183229
421,2017-03-03,59.991628922603844
422,2017-03-06,49.93189370171949
423,2017-03-07,46.591642974654555
424,2017-03-08,54.36207909287674
425,2017-03-09,57.68667802199429
426,2017-03-10,49.56303205496809
427,2017-03-13,53.98003106401952
428,2017-03-14,52.8604917436789
429,2017-03-15,52.82649665909708
430,2017-03-16,50.95106636384679
431,2017-03-17,42.43815720314868
432,2017-03-20,37.13671228020195
433,2017-03-21,32.69479161715847
434,2017-03-22,56.479513487763455
435,2017-03-23,38.9621322558186
436,2017-03-24,37.717567380822075
437,2017-03-27,38.83798801229404
438,2017-03-28,40.589435156607486
439,2017-03-29,40.40511037229005
440,2017-03-30,47.930519582948996
441,2017-03-31,42.28865441430304
442,2017-04-03,34.816146023682585
443,2017-04-04,37.57991988792675
444,2017-04-05,35.11322571561507
445,2017-04-06,33.843962249685546
446,2017-04-07,38.118201391046945
447,2017-04-10,44.7968184484794
448,2017-04-11,46.97121536983954
449,2017-04-12,32.74006841931448
450,2017-04-13,32.69098882872653
451,2017-04-17,37.267893547774065
452,2017-04-18,72.52709245567692
453,2017-04-19,93.76353496906133
454,2017-04-20,98.76633412064368
455,2017-04-21,92.1236078872486
456,2017-04-24,90.96427323763398
457,2017-04-25,124.2312844214079
458,2017-04-26,92.35490674934874
459,2017-04-27,82.43160737481841
460,2017-04-28,77.31246147807246
461,2017-05-01,65.96521210572719
462,2017-05-02,64.06864176847327
463,2017-05-03,69.21465954779059
464,2017-05-04,76.46130398593655
465,2017-05-05,76.05976460905937
466,2017-05-08,75.92179695708931
467,2017-05-09,67.36777470493473
468,2017-05-10,63.30055481443685
469,2017-05-11,58.98305172661483
470,2017-05-12,56.84413028294033
471,2017-05-15,60.413783481878184
472,2017-05-16,66.80791853702951
473,2017-05-17,57.43193142430296
474,2017-05-18,83.26027768627365
475,2017-05-19,77.26391128046045
476,2017-05-22,70.3515130458941
477,2017-05-23,67.80478056394071
478,2017-05-24,81.88243735664693
479,2017-05-25,84.95238583166795
480,2017-05-26,72.72972536610744
481,2017-05-30,65.80452820667652
482,2017-05-31,74.9816102063399
483,2017-06-01,68.6657096350187
484,2017-06-02,73.33095389007765
485,2017-06-05,74.60406069466924
486,2017-06-06,65.7150464823291
487,2017-06-07,60.78206328305531
488,2017-06-08,59.0765855293899
489,2017-06-09,58.86434693358648
490,2017-06-12,60.339227377179256
491,2017-06-13,52.51594923372524
492,2017-06-14,56.7491677380599
493,2017-06-15,69.03110112359438
494,2017-06-16,91.23238510662948
495,2017-06-19,59.24993575393436
496,2017-06-20,67.47149994031858
497,2017-06-21,61.60647572452645
498,2017-06-22,67.99999887119218
499,2017-06-23,80.36925209365897
500,2017-06-26,61.76839297300802
501,2017-06-27,53.43454905247271
502,2017-06-28,52.89818090355087
503,2017-06-29,67.21519342714244
504,2017-06-30,121.43368237172348
505,2017-07-03,97.04744716000681
506,2017-07-05,94.38038697215595
507,2017-07-06,79.89246241775575
508,2017-07-07,84.16046050289766
509,2017-07-10,77.46955819971102
510,2017-07-11,66.30631320489326
511,2017-07-12,53.01862786179523
512,2017-07-13,43.69100598853837
513,2017-07-14,46.68278826230409
514,2017-07-17,40.92343766883467
515,2017-07-18,44.31618412633278
516,2017-07-19,45.42539402135056
517,2017-07-20,69.38450648892805
518,2017-07-21,74.95446546040367
519,2017-07-24,79.22691457833851
520,2017-07-25,154.8139418034834
521,2017-07-26,205.69019222132295
522,2017-07-27,272.5334645240141
523,2017-07-28,184.58879950470507
524,2017-07-31,146.8217833565905
525,2017-08-01,117.52050444326137
526,2017-08-02,90.53546547340187
527,2017-08-03,77.47108336451241
528,2017-08-04,73.41508079696902
529,2017-08-07,77.93442917119168
530,2017-08-08,68.97037157847207
531,2017-08-09,77.73570034167253
532,2017-08-10,62.74094765808696
533,2017-08-11,51.663999379039815
534,2017-08-14,50.26112150473147
535,2017-08-15,52.307360193855615
536,2017-08-16,46.08284379864239
537,2017-08-17,44.999861830727006
538,2017-08-18,54.424811466871
539,2017-08-21,53.22274806179335
540,2017-08-22,49.27080877575773
541,2017-08-23,47.93040736435459
542,2017-08-24,44.48247790098632
543,2017-08-25,42.840701005886075
544,2017-08-28,51.36977347253073
545,2017-08-29,49.56619474123293
546,2017-08-30,54.62024015158041
547,2017-08-31,61.386926709538265
548,2017-09-01,146.1303669650129
549,2017-09-05,172.95329653083073
550,2017-09-06,147.8120545978843
551,2017-09-07,139.25124825298522
552,2017-09-08,125.9799839936985
553,2017-09-11,92.78303203243665
554,2017-09-12,98.97512649234991
555,2017-09-13,80.01847073987996
556,2017-09-14,77.34697802499238
557,2017-09-15,71.18029720388095
558,2017-09-18,75.45273035912987
559,2017-09-19,78.831060898947
560,2017-09-20,68.98274595430527
561,2017-09-21,73.98872615512408
562,2017-09-22,83.26111900456033
563,2017-09-25,78.11503791343777
564,2017-09-26,66.84406208583864
565,2017-09-27,67.68799212994749
566,2017-09-28,56.567703753776414
567,2017-09-29,57.14658833211766
568,2017-10-02,58.723188756753366
569,2017-10-03,58.72555143509275
570,2017-10-04,54.38796786169159
571,2017-10-05,48.64964947541066
572,2017-10-06,59.36644438816786
573,2017-10-09,66.64540767971937
574,2017-10-10,83.05714227643723
575,2017-10-11,96.009433243588
576,2017-10-12,85.5009347734703
577,2017-10-13,94.68420731364908
578,2017-10-16,84.99668648394115
579,2017-10-17,76.70153578594403
580,2017-10-18,88.89323952513595
581,2017-10-19,96.39109743227046
582,2017-10-20,115.55672616265664
583,2017-10-23,105.2248494975256
584,2017-10-24,107.32322415172823
585,2017-10-25,115.48216632723981
586,2017-10-26,82.88281648137311
587,2017-10-27,154.75577364454003
588,2017-10-30,156.87268516369303
589,2017-10-31,113.39169981096776
590,2017-11-01,106.34608848197568
591,2017-11-02,106.78794359630913
592,2017-11-03,77.59529074668448
593,2017-11-06,83.06827588494065
594,2017-11-07,82.593343885121
595,2017-11-08,73.42449776781578
596,2017-11-09,75.42060686355748
597,2017-11-10,81.99146126838042
598,2017-11-13,68.71346836881598
599,2017-11-14,72.71308918954882
600,2017-11-15,58.936603062314
601,2017-11-16,97.58460697092947
602,2017-11-17,89.3380652379207
603,2017-11-20,87.51069920849281
604,2017-11-21,74.11836808162154
605,2017-11-22,64.81272619503781
606,2017-11-24,60.239933130654165
607,2017-11-27,59.322595012334965
608,2017-11-28,61.82794404289495
609,2017-11-29,74.88299564329341
610,2017-11-30,70.52115096652459
611,2017-12-01,57.908514286642415
612,2017-12-04,90.4744922328946
613,2017-12-05,63.75451311368627
614,2017-12-06,48.71762854975205
615,2017-12-07,49.64181347305613
616,2017-12-08,60.308201140464305
617,2017-12-11,54.58000590247348
618,2017-12-12,65.17620136943178
619,2017-12-13,65.49419362978014
620,2017-12-14,62.15151710609032
621,2017-12-15,52.13627982223776
622,2017-12-18,52.85908434593658
623,2017-12-19,55.79012520092962
624,2017-12-20,61.43128445253876
625,2017-12-21,69.99283058549456
626,2017-12-22,61.830432931790604
627,2017-12-26,67.82787485067111
628,2017-12-27,58.972589944086145
629,2017-12-28,56.217687184160475
630,2017-12-29,52.43057432879588
631,2018-01-02,50.92323572125868
632,2018-01-03,64.53710026291347
633,2018-01-04,58.47359420411873
634,2018-01-05,76.77040934955714
635,2018-01-08,91.00414187922009
636,2018-01-09,103.03585683418427
637,2018-01-10,102.65060389862673
638,2018-01-11,114.44761415868766
639,2018-01-12,130.9787690401727
640,2018-01-16,105.88482388594058
641,2018-01-17,168.39495947786367
642,2018-01-18,115.89050877201934
643,2018-01-19,100.54318860868916
644,2018-01-22,87.35055522437234
645,2018-01-23,148.65473693914603
646,2018-01-24,120.97502432480265
647,2018-01-25,122.64735277823715
648,2018-01-26,150.7811141423154
649,2018-01-29,155.9213594668744
650,2018-01-30,100.5773165839317
651,2018-01-31,161.9727435432293
652,2018-02-01,145.45659479483152
653,2018-02-02,124.1811256065449
654,2018-02-05,102.28028457918046
655,2018-02-06,94.89789106931546
656,2018-02-07,118.00974447613781
657,2018-02-08,122.54827292805187
658,2018-02-09,78.33730719767665
659,2018-02-12,77.46495591334829
660,2018-02-13,74.44900806768447
661,2018-02-14,73.75223796345286
662,2018-02-15,95.75041985103694
663,2018-02-16,88.82236585432015
664,2018-02-20,90.16544903069392
665,2018-02-21,95.80122314212139
666,2018-02-22,93.06885680996909
667,2018-02-23,78.30339424571619
668,2018-02-26,80.17297481894418
669,2018-02-27,90.22421359209098
670,2018-02-28,112.27683839092494
671,2018-03-01,87.09788038526493
672,2018-03-02,99.52520598090646
673,2018-03-05,77.29843947144316
674,2018-03-06,67.1061967098534
675,2018-03-07,81.67533492043995
676,2018-03-08,72.68404847154311
677,2018-03-09,83.32693736963931
678,2018-03-12,74.35144381675184
679,2018-03-13,81.71816015861073
680,2018-03-14,85.8682434583916
681,2018-03-15,88.41629192038019
682,2018-03-16,64.68622557554198
683,2018-03-19,50.73699135482741
684,2018-03-20,54.9662533927415
685,2018-03-21,54.716902115471086
686,2018-03-22,54.55219173741879
687,2018-03-23,64.45768684251351
688,2018-03-26,59.882703182270895
689,2018-03-27,62.754906106158394
690,2018-03-28,48.172314219476426
691,2018-03-29,41.9890690053297
692,2018-04-02,49.85776147374423
693,2018-04-03,57.70280333421125
694,2018-04-04,63.951392281511765
695,2018-04-05,55.774333089895094
696,2018-04-06,53.62023307400387
697,2018-04-09,65.11979790111991
698,2018-04-10,64.94466084510276
699,2018-04-11,62.756496696213006
700,2018-04-12,70.65093691042034
701,2018-04-13,68.73468720458364
702,2018-04-16,69.55330692073626
703,2018-04-17,98.31841136167247
704,2018-04-18,91.33572017111648
705,2018-04-19,109.17006503098709
706,2018-04-20,93.85034048617874
707,2018-04-23,103.74804486318895
708,2018-04-24,141.39399246956924
709,2018-04-25,126.37788959655006
710,2018-04-26,142.39362087117982
711,2018-04-27,129.99997837540906
712,2018-04-30,110.00823863049008
713,2018-05-01,102.09867835197623
714,2018-05-02,106.27944403460438
715,2018-05-03,95.95421728130074
716,2018-05-04,85.25149320976186
717,2018-05-07,76.55400333045002
718,2018-05-08,79.47693031145641
719,2018-05-09,83.79104909467937
720,2018-05-10,80.42231524648683
721,2018-05-11,71.79070796382061
722,2018-05-14,68.48516630601641
723,2018-05-15,62.77560237493175
724,2018-05-16,69.12624146563087
725,2018-05-17,79.02419547002845
726,2018-05-18,76.16864089652334
727,2018-05-21,82.53181855391698
728,2018-05-22,76.05826704449284
729,2018-05-23,69.63608972951704
730,2018-05-24,61.647575002603375
731,2018-05-25,69.90277998027504
732,2018-05-29,73.85387975725921
733,2018-05-30,72.0179696628872
734,2018-05-31,67.9762613212441
735,2018-06-01,77.06506734173655
736,2018-06-04,87.04440308204515
737,2018-06-05,79.42129505876174
738,2018-06-06,88.39125736099832
739,2018-06-07,65.22348455483731
740,2018-06-08,63.29655133267629
741,2018-06-11,60.31632232498523
742,2018-06-12,60.351226746164336
743,2018-06-13,52.73327547906315
744,2018-06-14,68.37019610088345
745,2018-06-15,77.54272450354031
746,2018-06-18,74.4163702086746
747,2018-06-19,73.48966957715194
748,2018-06-20,78.05455614936172
749,2018-06-21,88.61757546207522
750,2018-06-22,74.15579877286807
751,2018-06-25,78.31983717922941
752,2018-06-26,85.77783039932595
753,2018-06-27,91.6544364215032
754,2018-06-28,98.26045794207208
755,2018-06-29,100.69642346563407
756,2018-07-02,79.74216976358213
757,2018-07-03,74.250039172553
758,2018-07-05,70.69708923953154
759,2018-07-06,62.91040712077172
760,2018-07-09,54.34869095600182
761,2018-07-10,52.13611808943344
762,2018-07-11,73.2739004045554
763,2018-07-12,69.06643939426779
764,2018-07-13,77.2576611783729
765,2018-07-16,78.87464571854461
766,2018-07-17,93.74673274818737
767,2018-07-18,90.24186372876476
768,2018-07-19,73.57242050672504
769,2018-07-20,86.4909017154478
770,2018-07-23,104.28764164665327
771,2018-07-24,100.60698970524226
772,2018-07-25,105.7589325236465
773,2018-07-26,83.16119391158414
774,2018-07-27,109.74053818705848
775,2018-07-30,111.90722291414055
776,2018-07-31,111.04014338646121
777,2018-08-01,126.20349248054825
778,2018-08-02,118.63836866311846
779,2018-08-03,119.82191436847506
780,2018-08-06,114.88729718615126
781,2018-08-07,90.54445340065853
782,2018-08-08,87.50128134755055
783,2018-08-09,79.1617160807295
784,2018-08-10,77.57527891449531
785,2018-08-13,67.88198437913358
786,2018-08-14,74.720245184601
787,2018-08-15,70.50945524581961
788,2018-08-16,80.72444946956401
789,2018-08-17,80.03456388190882
790,2018-08-20,81.11200081841146
791,2018-08-21,63.9843164069079
792,2018-08-22,66.94805250118691
793,2018-08-23,59.311087113044245
794,2018-08-24,54.625158999123116
795,2018-08-27,51.28699699076418
796,2018-08-28,56.626842455127914
797,2018-08-29,70.58384775434122
798,2018-08-30,76.69668022609142
799,2018-08-31,82.86285081463957
800,2018-09-04,75.15472502655518
801,2018-09-05,56.08533176803774
802,2018-09-06,50.353134672574754
803,2018-09-07,61.017958811798664
804,2018-09-10,66.78578424521008
805,2018-09-11,88.56484388019074
806,2018-09-12,85.36046329805806
807,2018-09-13,70.37968703329159
808,2018-09-14,73.26384892352252
809,2018-09-17,60.99945073065037
810,2018-09-18,66.62627980196432
811,2018-09-19,63.52484823358446
812,2018-09-20,65.06095111425614
813,2018-09-21,66.55169003253805
814,2018-09-24,62.86562946817792
815,2018-09-25,74.81401680717109
816,2018-09-26,69.85752134386765
817,2018-09-27,70.54030521026394
818,2018-09-28,64.91594174584829
819,2018-10-01,73.48879544643238
820,2018-10-02,67.56821568162692
821,2018-10-03,72.716126066457
822,2018-10-04,70.72517893056812
823,2018-10-05,70.03750890838005
824,2018-10-08,81.385461357994
825,2018-10-09,111.16148164159918
826,2018-10-10,98.55904291833008
827,2018-10-11,72.4880973291859
828,2018-10-12,69.72142829183018
829,2018-10-15,59.08046479973305
830,2018-10-16,63.687785806033794
831,2018-10-17,85.70902194269819
832,2018-10-18,104.60384739478357
833,2018-10-19,125.80048686859271
834,2018-10-22,119.02859567831206
835,2018-10-23,199.5737075169625
836,2018-10-24,215.15049518438195
837,2018-10-25,158.51684441086218
838,2018-10-26,135.7841008289641
839,2018-10-29,124.95607635311481
840,2018-10-30,184.99245261857672
841,2018-10-31,132.102473915224
842,2018-11-01,117.52200301624302
843,2018-11-02,107.49505436192798
844,2018-11-05,103.67827369830006
845,2018-11-06,90.48537809870398
846,2018-11-07,81.92409737944479
847,2018-11-08,85.48945531585407
848,2018-11-09,84.09420295027688
849,2018-11-12,107.95069282131388
850,2018-11-13,136.1372661248917
851,2018-11-14,133.04892231287428
852,2018-11-15,157.22526960928272
853,2018-11-16,150.950717384442
854,2018-11-19,161.63418366726438
855,2018-11-20,134.02323562427227
856,2018-11-21,120.54021625614352
857,2018-11-23,119.94513068379364
858,2018-11-26,127.94212822164124
859,2018-11-27,126.54354955518684
860,2018-11-28,116.01205019929631
861,2018-11-29,116.60637028654324
862,2018-11-30,119.60219919028616
863,2018-12-03,97.91071129701986
864,2018-12-04,80.80332210319017
865,2018-12-06,89.01214058717267
866,2018-12-07,69.45582787432808
867,2018-12-10,75.48747360985159
868,2018-12-11,83.30629685914401
869,2018-12-12,85.97521470931564
870,2018-12-13,84.31815256477202
871,2018-12-14,126.20300593217456
872,2018-12-17,112.05822854870515
873,2018-12-18,81.0601174440401
874,2018-12-19,98.03157037471156
875,2018-12-20,103.01006928473623
876,2018-12-21,125.973985161772
877,2018-12-24,113.29734899828723
878,2018-12-26,99.63842076508526
879,2018-12-27,108.04274935698251
880,2018-12-28,102.0270127948264
881,2018-12-31,98.08323232866307
882,2019-01-02,83.75480418259394
883,2019-01-03,82.81045714900466
884,2019-01-04,84.36014456584415
885,2019-01-07,87.16348478522967
886,2019-01-08,80.96513376907484
887,2019-01-09,82.44254874977955
888,2019-01-10,75.08045585616267
889,2019-01-11,64.22766963928922
890,2019-01-14,54.67163426671731
891,2019-01-15,47.091927655168526
892,2019-01-16,60.42015410033117
893,2019-01-17,66.65437628369968
894,2019-01-18,65.41952486220084
895,2019-01-22,73.33222643424861
896,2019-01-23,89.14734501376525
897,2019-01-24,84.08688878829822
898,2019-01-25,75.42830304787219
899,2019-01-28,85.81287978733026
900,2019-01-29,80.0255369653953
901,2019-01-30,82.45735440931163
902,2019-01-31,92.13184430836374
903,2019-02-01,96.45293149627153
904,2019-02-04,96.17235186541264
905,2019-02-05,100.42392262497351
906,2019-02-06,106.17111836033038
907,2019-02-07,102.57580682027529
908,2019-02-08,96.23924833019367
909,2019-02-11,97.71078305459731
910,2019-02-12,98.57063337186028
911,2019-02-13,100.98513032384447
912,2019-02-14,147.21998038648812
913,2019-02-15,143.4885942043554
914,2019-02-19,140.24835320631394
915,2019-02-20,106.73044065817743
916,2019-02-21,89.05441398274608
917,2019-02-22,107.45567822532628
918,2019-02-25,97.81188895430952
919,2019-02-26,107.79437673060418
920,2019-02-27,131.02662587322436
921,2019-02-28,144.2509630069155
922,2019-03-01,130.05985226849353
923,2019-03-04,128.4105014690703
924,2019-03-05,104.83883581058207
925,2019-03-06,116.90032546909849
926,2019-03-07,110.65623771288598
927,2019-03-08,103.55798105628159
928,2019-03-11,97.2017858810689
929,2019-03-12,111.17246457148178
930,2019-03-13,102.34364919887807
931,2019-03-14,122.7325645828489
932,2019-03-15,113.12457458317854
933,2019-03-18,105.55952508120475
934,2019-03-19,78.6363597744322
935,2019-03-20,69.31552866379383
936,2019-03-21,88.47612982421123
937,2019-03-22,95.9895248075066
938,2019-03-25,92.49783355105144
939,2019-03-26,81.39961230155401
940,2019-03-27,78.09981321875902
941,2019-03-28,69.23679657276718
942,2019-03-29,66.42388878641277
943,2019-04-01,64.65372917381147
944,2019-04-02,78.2414843788831
945,2019-04-03,77.55640751649388
946,2019-04-04,74.50281980144582
947,2019-04-05,68.8494777612723
948,2019-04-08,82.41676580855452
949,2019-04-09,77.4290971954808
950,2019-04-10,74.99064188717561
951,2019-04-11,76.78070903873223
952,2019-04-12,149.77840448389847
953,2019-04-15,123.9071186592042
954,2019-04-16,128.7511734921833
955,2019-04-17,168.55593477595036
956,2019-04-18,133.41527826937886
957,2019-04-22,123.22433084272211
958,2019-04-23,110.9929795072381
959,2019-04-24,106.22058595271578
960,2019-04-25,211.14494132305816
961,2019-04-26,217.1201451757499
962,2019-04-29,187.49052384036213
963,2019-04-30,176.0319020021188
964,2019-05-01,152.0926109671954
965,2019-05-02,134.344617702661
966,2019-05-03,124.29473056267398
967,2019-05-06,125.16616343617406
968,2019-05-07,116.95673207158538
969,2019-05-08,115.64991024441663
970,2019-05-09,135.8366364869023
971,2019-05-10,135.24731332514202
972,2019-05-13,140.50573851235688
973,2019-05-14,128.77496947781285
974,2019-05-15,123.72431577569478
975,2019-05-16,124.19956853005091
976,2019-05-17,120.64101882131351
977,2019-05-20,128.47838220342007
978,2019-05-21,104.65530811899572
979,2019-05-22,93.66256411458524
980,2019-05-23,84.79948387567501
981,2019-05-24,83.57734111996504
982,2019-05-28,85.50165110416864
983,2019-05-29,82.17778079249678
984,2019-05-30,80.13136145078253
985,2019-05-31,84.84094192280897
986,2019-06-03,82.41454452584561
987,2019-06-04,76.43358124128758
988,2019-06-05,75.90908021520777
989,2019-06-06,68.15291543124397
990,2019-06-07,68.88001819893961
991,2019-06-10,80.94882872721709
992,2019-06-11,86.16279292369849
993,2019-06-12,76.11852789223035
994,2019-06-13,74.86925002972426
995,2019-06-14,71.6226079198706
996,2019-06-17,76.67088653663436
997,2019-06-18,75.23046308518825
998,2019-06-19,74.5225569830056
999,2019-06-20,66.16746733083453
1000,2019-06-21,62.57719101269392
1001,2019-06-24,63.61586301325464
1002,2019-06-25,58.28634696875162
1003,2019-06-26,52.665946148049905
1004,2019-06-27,45.05412691103695
1005,2019-06-28,48.698096837660465
1006,2019-07-01,57.81892476454023
1007,2019-07-02,53.19347319332433
1008,2019-07-03,53.97638780340977
1009,2019-07-05,49.207178021559585
1010,2019-07-08,57.35692162501856
1011,2019-07-09,60.445424800234434
1012,2019-07-10,54.24181421200959
1013,2019-07-11,71.0915360167144
1014,2019-07-12,82.60009995319804
1015,2019-07-15,77.04042607921428
1016,2019-07-16,75.96475929911415
1017,2019-07-17,69.90665969088037
1018,2019-07-18,74.99882691589629
1019,2019-07-19,70.84003659243446
1020,2019-07-22,83.6677506311418
1021,2019-07-23,101.57861950809625
1022,2019-07-24,99.16161300785744
1023,2019-07-25,78.79477670641666
1024,2019-07-26,88.90555416263405
1025,2019-07-29,75.57959500707685
1026,2019-07-30,83.68633139069077
1027,2019-07-31,70.43422068070372
1028,2019-08-01,65.33149301179589
1029,2019-08-02,70.91171653656137
1030,2019-08-05,61.55030905699576
1031,2019-08-06,55.999094283983155
1032,2019-08-07,59.082698201961044
1033,2019-08-08,60.25518037715687
1034,2019-08-09,65.38596764405811
1035,2019-08-12,72.79701924601281
1036,2019-08-13,76.8974027559743
1037,2019-08-14,70.3184744526851
1038,2019-08-15,114.21752031089116
1039,2019-08-16,111.4505936523419
1040,2019-08-19,90.9879730048298
1041,2019-08-20,86.43203584642296
1042,2019-08-21,81.42746474297769
1043,2019-08-22,94.41173401477383
1044,2019-08-23,91.59994566162788
1045,2019-08-26,85.56283098091329
1046,2019-08-27,92.59049489356656
1047,2019-08-28,85.03205567971604
1048,2019-08-29,83.11288664208378
1049,2019-08-30,81.05194441949978
1050,2019-09-03,75.22705950149233
1051,2019-09-04,82.98869104610966
1052,2019-09-05,81.03504749854419
1053,2019-09-06,84.00440931510498
1054,2019-09-09,96.27332606515131
1055,2019-09-10,91.71089131241335
1056,2019-09-11,104.39289856441417
1057,2019-09-12,90.12318745295738
1058,2019-09-13,82.39529604084517
1059,2019-09-16,71.85310323508772
1060,2019-09-17,70.14234041929002
1061,2019-09-18,79.56790263695882
1062,2019-09-19,77.27915685268256
1063,2019-09-20,67.8816887978329
1064,2019-09-23,70.74878488322084
1065,2019-09-24,73.51302216614167
1066,2019-09-25,82.02936795980682
1067,2019-09-26,88.86081499211056
1068,2019-09-27,90.99298414725916
1069,2019-09-30,102.14401249214279
1070,2019-10-01,76.3665135976998
1071,2019-10-02,74.68744637029614
1072,2019-10-03,69.71613140876259
1073,2019-10-04,70.17168701198142
1074,2019-10-07,66.40361316887748
1075,2019-10-08,64.4122482778756
1076,2019-10-09,56.86000901208035
1077,2019-10-10,60.35645782261048
1078,2019-10-11,61.20913117983668
1079,2019-10-14,61.56102453180343
1080,2019-10-15,64.45724430929141
1081,2019-10-16,61.48999133920221
1082,2019-10-17,69.60123041758702
1083,2019-10-18,96.61936564314931
1084,2019-10-21,121.18104309555974
1085,2019-10-22,152.09342507195356
1086,2019-10-23,120.04618586168084
1087,2019-10-24,112.9718970218614
1088,2019-10-25,112.51210760289135
1089,2019-10-28,111.22351503860352
1090,2019-10-29,100.82797670010832
1091,2019-10-30,100.6224366206724
1092,2019-10-31,90.06612519576154
1093,2019-11-01,91.83054559029497
1094,2019-11-04,77.2681119509179
1095,2019-11-05,72.10932671292885
1096,2019-11-06,63.0927796260494
1097,2019-11-07,58.9518617997196
1098,2019-11-08,65.50808074829907
1099,2019-11-11,67.18525969812269
1100,2019-11-12,64.1505429751394
1101,2019-11-13,84.85900516938781
1102,2019-11-14,96.92519339157113
1103,2019-11-15,99.22831935658895
1104,2019-11-18,103.47087712722296
1105,2019-11-19,110.43591260799302
1106,2019-11-20,107.64093067929184
1107,2019-11-21,104.18407514125853
1108,2019-11-22,100.94236687405005
1109,2019-11-25,101.79080405412226
1110,2019-11-26,100.62191077481548
1111,2019-11-27,87.46652432773878
1112,2019-11-29,84.29950965921888
